{"cameraMode":{"drawMode":0,"name":"Shaded","section":"Shading Mode"},"sceneLighting":false,"audioPlay":false,"sceneViewState":{"m_AlwaysRefresh":false,"showFog":true,"showSkybox":false,"showFlares":true,"showImageEffects":true,"showParticleSystems":true,"showVisualEffectGraphs":true,"m_FxEnabled":true},"in2DMode":false,"pivot":{"x":-0.7571526169776917,"y":-0.3975524604320526,"z":0.7031872868537903},"rotation":{"x":0.16811667382717133,"y":-0.3930598199367523,"z":0.07209794968366623,"w":0.9014970064163208},"size":0.8660253882408142,"orthographic":false}