{"cameraMode":{"drawMode":0,"name":"Shaded","section":"Shading Mode"},"sceneLighting":false,"audioPlay":false,"sceneViewState":{"m_AlwaysRefresh":false,"showFog":true,"showSkybox":false,"showFlares":true,"showImageEffects":true,"showParticleSystems":true,"showVisualEffectGraphs":true,"m_FxEnabled":true},"in2DMode":false,"pivot":{"x":12.497917175292969,"y":0.773609459400177,"z":5.9466633796691898},"rotation":{"x":0.09395968168973923,"y":-0.7918715476989746,"z":0.12244744598865509,"w":0.5914573669433594},"size":0.9074931740760803,"orthographic":false}