{"cameraMode":{"drawMode":0,"name":"Shaded","section":"Shading Mode"},"sceneLighting":true,"audioPlay":false,"sceneViewState":{"m_AlwaysRefresh":false,"showFog":true,"showSkybox":true,"showFlares":true,"showImageEffects":true,"showParticleSystems":true,"showVisualEffectGraphs":true,"m_FxEnabled":true},"in2DMode":false,"pivot":{"x":0.6130561828613281,"y":-9.921177864074707,"z":0.673208475112915},"rotation":{"x":0.28375717997550967,"y":-0.6532760262489319,"z":0.28158068656921389,"w":0.6435842514038086},"size":11.028337478637696,"orthographic":false}