{"cameraMode":{"drawMode":0,"name":"Shaded","section":"Shading Mode"},"sceneLighting":false,"audioPlay":false,"sceneViewState":{"m_AlwaysRefresh":false,"showFog":true,"showSkybox":false,"showFlares":true,"showImageEffects":true,"showParticleSystems":true,"showVisualEffectGraphs":true,"m_FxEnabled":true},"in2DMode":false,"pivot":{"x":1.4519450664520264,"y":0.8283368945121765,"z":-0.37821123003959658},"rotation":{"x":0.30725333094596865,"y":-0.3286358416080475,"z":0.11387687176465988,"w":0.8859061598777771},"size":0.7088723182678223,"orthographic":false}